{"position": -0.357056, 0.396927, 0.329014 }
{"position": -0.216892, -0.504295, 0.474704 }
{"position": -0.507344, 0.477608, -0.271050 }
{"position": 0.403406, -0.045076, 0.460558 }
{"position": 0.183621, 0.649862, 0.021966 }
{"position": -0.039387, -0.634136, 0.383288 }
{"position": -0.479209, -0.260984, -0.368196 }
{"position": -0.350278, -0.338951, -0.536491 }
{"position": -0.583940, -0.011110, -0.067631 }
{"position": 0.447635, -0.172607, 0.198968 }
{"position": -0.751694, -0.137005, 0.214510 }
{"position": -0.223525, -0.021792, 0.076438 }
{"position": -0.674380, -0.171615, 0.356793 }
{"position": 0.560512, 0.020436, 0.235669 }
{"position": -0.206114, -0.397345, -0.330282 }
{"position": -0.647817, -0.380530, -0.034676 }
{"position": 0.222492, 0.137983, 0.675118 }
{"position": 0.551197, 0.108267, 0.479260 }
{"position": -0.667050, 0.246148, 0.382313 }
{"position": 0.582937, -0.089828, 0.513203 }
{"position": -0.122642, -0.167532, 0.634161 }
{"position": 0.427956, -0.133375, 0.599247 }
{"position": -0.074234, -0.376842, 0.517576 }
{"position": 0.290300, 0.179697, 0.197614 }
{"position": -0.451437, -0.038562, -0.154402 }
{"position": 0.115834, 0.048109, 0.466331 }
{"position": -0.302695, -0.084629, -0.626601 }
{"position": -0.018511, 0.529182, 0.536806 }
{"position": -0.232802, -0.686450, -0.017550 }
{"position": 0.161785, 0.581362, 0.270093 }
{"position": -0.004310, -0.609478, 0.414193 }
{"position": 0.412726, 0.247961, -0.135657 }
{"position": 0.121066, 0.198560, -0.472289 }
{"position": 0.155134, -0.209580, -0.519975 }
{"position": -0.015204, 0.361548, 0.346336 }
{"position": 0.293625, -0.377378, 0.179980 }
{"position": -0.264412, 0.364223, 0.113251 }
{"position": -0.293253, -0.537739, -0.552943 }
{"position": -0.256342, 0.262035, -0.514401 }
{"position": -0.369246, -0.023080, 0.286623 }
{"position": -0.205040, -0.250965, -0.602318 }
{"position": 0.620909, 0.415958, -0.011683 }
{"position": 0.366949, -0.517143, 0.308743 }
{"position": -0.392756, 0.291328, 0.222542 }
{"position": 0.017850, -0.465764, -0.637002 }
{"position": 0.451682, -0.152856, -0.580918 }
{"position": 0.258841, 0.643545, 0.176306 }
{"position": -0.180755, -0.265194, -0.075240 }
{"position": -0.191689, -0.513359, -0.283636 }
{"position": -0.270557, 0.276827, -0.117460 }
{"position": 0.523023, -0.280852, 0.434845 }
{"position": -0.270951, -0.212173, -0.721764 }
{"position": 0.529593, -0.017787, -0.531775 }
{"position": -0.655230, -0.085071, 0.199787 }
{"position": -0.406873, -0.391419, -0.110685 }
{"position": 0.046067, -0.526484, 0.375303 }
{"position": -0.147298, -0.176326, 0.369259 }
{"position": -0.620897, -0.201681, 0.343368 }
{"position": -0.478248, 0.049633, -0.233463 }
{"position": -0.223829, -0.531267, 0.504208 }
{"position": -0.368518, 0.153548, 0.042727 }
{"position": -0.601555, 0.229073, -0.467427 }
{"position": -0.164099, -0.370955, 0.412990 }
{"position": -0.188464, 0.357014, 0.206594 }
{"position": 0.284666, 0.316412, -0.288046 }
{"position": 0.348131, -0.162152, -0.637232 }
{"position": 0.120155, -0.507099, -0.275598 }
{"position": 0.053910, -0.269562, -0.625999 }
{"position": -0.566781, -0.534368, 0.164365 }
{"position": -0.380457, -0.132217, 0.377584 }
{"position": -0.137574, -0.407373, 0.546556 }
{"position": -0.227057, -0.555014, -0.426158 }
{"position": 0.403010, -0.601332, -0.237693 }
{"position": 0.176200, 0.592833, -0.359995 }
{"position": 0.111127, -0.237208, 0.211567 }
{"position": -0.622491, -0.153974, -0.345578 }
{"position": 0.361231, -0.138383, 0.037477 }
{"position": -0.154741, 0.182684, 0.684847 }
{"position": 0.078537, -0.048026, 0.345760 }
{"position": -0.213611, -0.711414, -0.243644 }
{"position": -0.482735, 0.268014, 0.459284 }
{"position": -0.203487, 0.298427, 0.519587 }
{"position": 0.525819, 0.280965, 0.217430 }
{"position": 0.499317, 0.356539, 0.198802 }
{"position": 0.325242, -0.114115, -0.538157 }
{"position": 0.363203, -0.107786, -0.398647 }
{"position": -0.230877, -0.023647, 0.351443 }
{"position": 0.257543, 0.202037, -0.252441 }
{"position": 0.055453, -0.089312, 0.182860 }
{"position": -0.272665, 0.336884, 0.672468 }
{"position": 0.093580, 0.245439, 0.218162 }
{"position": 0.321053, -0.561777, 0.480432 }
{"position": 0.464668, 0.189439, 0.469392 }
{"position": -0.567543, 0.331384, 0.157486 }
{"position": -0.279173, 0.535493, -0.539678 }
{"position": 0.427866, -0.084370, 0.375891 }
{"position": 0.269152, -0.609390, 0.116301 }
{"position": -0.358415, 0.499534, 0.205843 }
{"position": 0.249282, -0.735367, -0.044717 }
{"position": 0.558297, -0.140506, -0.321030 }
{"position": 0.146354, 0.556383, -0.237703 }
{"position": -0.456927, -0.314456, -0.382069 }
{"position": 0.012377, 0.047700, -0.783559 }
{"position": -0.255206, 0.709887, -0.083636 }
{"position": -0.504504, -0.307325, 0.544240 }
{"position": 0.360699, 0.285696, -0.652703 }
{"position": 0.281308, -0.308718, 0.697148 }
{"position": -0.158823, 0.122120, -0.142240 }
{"position": 0.039240, 0.352656, -0.110669 }
{"position": -0.554471, 0.291787, -0.451660 }
{"position": -0.079489, 0.158468, -0.554139 }
{"position": 0.472128, 0.368961, 0.423792 }
{"position": -0.357430, -0.455906, 0.433355 }
{"position": 0.105528, 0.021461, 0.690280 }
{"position": -0.141922, 0.544860, -0.015998 }
{"position": -0.584236, 0.189394, 0.517316 }
{"position": -0.374911, 0.153593, -0.245102 }
{"position": -0.262863, 0.452950, -0.318921 }
{"position": 0.058158, -0.371113, -0.519419 }
{"position": -0.160132, -0.021481, -0.355374 }
{"position": -0.617594, 0.054609, -0.389868 }
{"position": -0.243815, -0.269123, -0.719016 }
{"position": -0.536506, 0.202524, -0.301997 }
{"position": 0.375793, -0.591697, -0.234167 }
{"position": 0.520530, -0.424015, -0.333263 }
{"position": -0.268621, -0.242800, 0.262381 }
{"position": -0.404712, -0.480119, -0.318392 }
{"position": 0.154641, -0.673245, 0.009812 }
{"position": -0.247856, 0.144903, -0.578279 }
{"position": 0.129595, -0.520640, 0.217587 }
{"position": -0.290360, -0.425215, -0.597317 }
{"position": 0.568510, 0.027150, -0.554814 }
{"position": -0.326422, -0.362707, -0.006651 }
{"position": -0.043412, 0.151136, 0.539544 }
{"position": -0.058904, 0.047451, -0.700117 }
{"position": -0.486318, -0.035114, 0.429091 }
{"position": -0.293890, 0.673382, -0.102689 }
{"position": -0.230501, -0.579867, 0.305464 }
{"position": 0.108032, -0.282101, 0.596653 }
{"position": -0.256734, 0.453600, -0.029921 }
{"position": -0.058636, -0.301179, -0.129515 }
{"position": -0.257331, 0.390208, -0.534677 }
{"position": -0.277793, -0.363927, -0.597025 }
{"position": 0.316908, -0.226777, -0.709002 }
{"position": 0.353785, -0.196138, -0.057008 }
{"position": -0.193349, -0.065391, -0.313611 }
{"position": -0.046566, 0.434155, 0.329047 }
{"position": -0.268372, 0.718681, -0.148188 }
{"position": -0.049975, -0.061950, 0.175426 }
{"position": 0.266765, 0.155547, 0.493154 }
{"position": 0.590366, -0.438590, 0.157897 }
{"position": -0.178533, 0.542166, -0.044697 }
{"position": 0.702594, -0.375639, 0.143268 }
{"position": 0.630335, 0.181176, -0.439505 }
{"position": 0.428374, 0.292185, -0.023034 }
{"position": 0.364110, 0.579043, -0.319560 }
{"position": -0.463010, 0.309093, -0.281302 }
{"position": 0.756957, 0.014749, 0.034516 }
{"position": 0.276443, -0.410001, 0.307958 }
{"position": 0.319515, -0.015618, -0.216810 }
{"position": 0.366224, 0.007448, 0.476503 }
{"position": -0.291275, 0.746536, 0.063898 }
{"position": -0.562027, -0.302946, 0.484371 }
{"position": -0.141638, 0.441360, 0.548459 }
{"position": -0.316387, 0.527230, 0.084521 }
{"position": -0.557431, -0.220599, -0.342557 }
{"position": 0.340946, 0.028213, 0.240002 }
{"position": 0.031902, -0.652086, -0.135410 }
{"position": -0.208652, -0.444646, -0.396610 }
{"position": -0.188797, -0.067897, 0.161428 }
{"position": 0.414709, 0.175956, -0.247438 }
{"position": -0.279602, -0.000259, -0.278593 }
{"position": -0.248647, -0.153879, 0.707020 }
{"position": -0.355017, 0.206030, 0.382411 }
{"position": -0.312769, 0.486688, -0.576049 }
