{ "x": 0.465230, "y": -0.424806, "z": 0.064965 }
{ "x": -0.337808, "y": 0.441752, "z": 0.056687 }
{ "x": 0.490339, "y": -0.066482, "z": 0.154046 }
{ "x": 0.159225, "y": 0.720504, "z": 0.251816 }
{ "x": -0.473018, "y": 0.169853, "z": 0.307241 }
{ "x": -0.098827, "y": -0.301665, "z": -0.294557 }
{ "x": -0.175554, "y": -0.183347, "z": 0.540167 }
{ "x": 0.461107, "y": -0.325619, "z": -0.376384 }
{ "x": 0.078915, "y": -0.453720, "z": -0.158418 }
{ "x": -0.251170, "y": -0.248574, "z": -0.185293 }
{ "x": 0.062193, "y": 0.192762, "z": -0.130822 }
{ "x": -0.531429, "y": 0.045594, "z": 0.407780 }
{ "x": -0.312185, "y": 0.720745, "z": -0.087213 }
{ "x": 0.409047, "y": -0.439282, "z": 0.394346 }
{ "x": 0.075950, "y": 0.379871, "z": 0.610260 }
{ "x": -0.425001, "y": -0.436061, "z": 0.406389 }
{ "x": -0.390189, "y": -0.264094, "z": -0.084547 }
{ "x": -0.339379, "y": 0.107422, "z": 0.666253 }
{ "x": -0.658381, "y": -0.453464, "z": 0.011154 }
{ "x": 0.280207, "y": 0.262547, "z": -0.715241 }
{ "x": 0.499731, "y": 0.373487, "z": -0.510269 }
{ "x": -0.117430, "y": 0.480363, "z": 0.350383 }
{ "x": -0.409275, "y": -0.162201, "z": 0.192036 }
{ "x": 0.495254, "y": 0.390340, "z": -0.229851 }
{ "x": -0.346662, "y": -0.099596, "z": 0.185775 }
{ "x": -0.474648, "y": -0.296158, "z": 0.109532 }
{ "x": 0.175304, "y": 0.155817, "z": -0.161813 }
{ "x": 0.026758, "y": 0.694152, "z": -0.369411 }
{ "x": 0.009760, "y": -0.110785, "z": 0.766704 }
{ "x": -0.626963, "y": 0.179679, "z": 0.477272 }
{ "x": -0.100175, "y": 0.077709, "z": -0.239890 }
{ "x": 0.338064, "y": 0.128303, "z": -0.088620 }
{ "x": 0.330699, "y": -0.529657, "z": -0.041363 }
{ "x": 0.348740, "y": -0.354529, "z": -0.426560 }
{ "x": 0.316676, "y": -0.099181, "z": 0.417742 }
{ "x": -0.050544, "y": -0.406565, "z": 0.270460 }
{ "x": 0.601159, "y": 0.377006, "z": 0.209844 }
{ "x": -0.337843, "y": 0.017788, "z": -0.692874 }
{ "x": -0.006667, "y": 0.453078, "z": 0.408764 }
{ "x": -0.746861, "y": -0.166773, "z": -0.141838 }
{ "x": -0.684901, "y": 0.127890, "z": -0.303316 }
{ "x": -0.268255, "y": 0.198129, "z": -0.210962 }
{ "x": 0.007939, "y": 0.262193, "z": 0.716119 }
{ "x": -0.142933, "y": 0.605564, "z": 0.304177 }
{ "x": 0.237972, "y": -0.321045, "z": -0.520257 }
{ "x": -0.144836, "y": -0.638905, "z": 0.424773 }
{ "x": 0.492967, "y": -0.312643, "z": 0.375196 }
{ "x": 0.237407, "y": -0.697791, "z": -0.318803 }
{ "x": 0.022402, "y": 0.612161, "z": 0.433975 }
{ "x": -0.119426, "y": -0.134671, "z": 0.699070 }
{ "x": -0.254947, "y": -0.677961, "z": -0.127797 }
{ "x": 0.027162, "y": 0.565069, "z": -0.401580 }
{ "x": -0.290514, "y": 0.216359, "z": 0.401824 }
{ "x": 0.030651, "y": -0.713100, "z": -0.156846 }
{ "x": 0.335426, "y": 0.066208, "z": -0.224411 }
{ "x": 0.034390, "y": -0.068167, "z": -0.228832 }
{ "x": 0.391959, "y": 0.156820, "z": 0.585739 }
{ "x": 0.137748, "y": 0.458628, "z": 0.381695 }
{ "x": 0.299674, "y": -0.641183, "z": -0.370489 }
{ "x": 0.385409, "y": -0.035190, "z": -0.417342 }
{ "x": -0.032719, "y": 0.231886, "z": 0.474939 }
{ "x": -0.057386, "y": 0.643028, "z": 0.002832 }
{ "x": 0.236615, "y": -0.124287, "z": 0.121528 }
{ "x": 0.280578, "y": 0.414128, "z": -0.032374 }
{ "x": 0.569484, "y": -0.149642, "z": -0.525331 }
{ "x": 0.429767, "y": -0.154380, "z": 0.104356 }
{ "x": 0.633486, "y": -0.353940, "z": -0.127148 }
{ "x": -0.118720, "y": -0.657625, "z": 0.139359 }
{ "x": 0.601885, "y": 0.017906, "z": 0.234350 }
{ "x": 0.057621, "y": 0.157699, "z": 0.091435 }
{ "x": -0.321337, "y": -0.069327, "z": 0.393424 }
{ "x": -0.542749, "y": 0.308468, "z": -0.137531 }
{ "x": 0.548375, "y": 0.451874, "z": 0.314360 }
{ "x": 0.374212, "y": 0.235611, "z": -0.043867 }
{ "x": 0.147204, "y": -0.025267, "z": 0.367400 }
{ "x": 0.351840, "y": 0.206532, "z": 0.017372 }
{ "x": 0.512084, "y": -0.235894, "z": 0.594715 }
{ "x": -0.607531, "y": 0.118688, "z": -0.142221 }
{ "x": 0.722710, "y": -0.162860, "z": 0.085001 }
{ "x": -0.416519, "y": 0.187174, "z": 0.186390 }
{ "x": -0.494274, "y": 0.126282, "z": 0.307635 }
{ "x": 0.209535, "y": -0.106485, "z": -0.250522 }
{ "x": -0.291902, "y": 0.363871, "z": 0.467959 }
{ "x": -0.010767, "y": -0.381215, "z": 0.609302 }
{ "x": 0.140156, "y": 0.319335, "z": -0.539639 }
{ "x": 0.422745, "y": 0.560245, "z": 0.277183 }
{ "x": 0.117878, "y": 0.556424, "z": 0.497342 }
{ "x": -0.092849, "y": 0.487650, "z": -0.517318 }
{ "x": 0.063851, "y": 0.458882, "z": -0.472868 }
{ "x": 0.403873, "y": 0.481951, "z": -0.211909 }
{ "x": -0.313119, "y": -0.078547, "z": -0.206279 }
{ "x": 0.520272, "y": 0.516289, "z": -0.031301 }
{ "x": 0.149906, "y": 0.613647, "z": 0.476017 }
{ "x": 0.196062, "y": -0.664570, "z": -0.377487 }
{ "x": 0.205058, "y": -0.209542, "z": -0.044726 }
{ "x": 0.041034, "y": -0.521052, "z": -0.385475 }
{ "x": -0.021636, "y": -0.253466, "z": -0.546924 }
{ "x": -0.407167, "y": -0.567107, "z": -0.043761 }
{ "x": 0.712846, "y": -0.131913, "z": 0.193289 }
{ "x": 0.727991, "y": -0.179457, "z": -0.026888 }
{ "x": -0.654950, "y": 0.335345, "z": -0.297802 }
{ "x": 0.410971, "y": 0.008544, "z": 0.643613 }
{ "x": -0.489149, "y": 0.445879, "z": -0.108556 }
{ "x": -0.101784, "y": -0.272854, "z": 0.135844 }
{ "x": 0.409091, "y": 0.216603, "z": 0.211425 }
{ "x": 0.443102, "y": -0.454492, "z": -0.282046 }
{ "x": -0.288607, "y": -0.067262, "z": -0.050976 }
{ "x": -0.158446, "y": -0.305389, "z": 0.625301 }
{ "x": 0.455142, "y": 0.358773, "z": -0.007451 }
{ "x": 0.296021, "y": 0.584954, "z": 0.099396 }
{ "x": -0.596520, "y": -0.074613, "z": 0.409905 }
{ "x": -0.266426, "y": -0.419482, "z": 0.452720 }
{ "x": 0.146034, "y": 0.315112, "z": 0.059789 }
{ "x": -0.262959, "y": 0.394689, "z": 0.263810 }
{ "x": -0.301867, "y": 0.184938, "z": -0.065876 }
{ "x": 0.172365, "y": -0.766152, "z": -0.118362 }
{ "x": 0.062515, "y": -0.325155, "z": 0.377260 }
{ "x": 0.452515, "y": 0.462081, "z": 0.394620 }
{ "x": 0.401256, "y": 0.295330, "z": 0.053096 }
{ "x": 0.271549, "y": 0.161099, "z": -0.455496 }
{ "x": -0.283224, "y": -0.585766, "z": 0.193111 }
{ "x": 0.668191, "y": 0.110887, "z": -0.003772 }
{ "x": -0.004237, "y": 0.757611, "z": 0.290642 }
{ "x": -0.348989, "y": 0.402715, "z": -0.169988 }
{ "x": 0.420603, "y": -0.352503, "z": 0.219339 }
{ "x": -0.067014, "y": 0.391774, "z": 0.468171 }
{ "x": -0.519165, "y": -0.336225, "z": 0.441418 }
{ "x": 0.328417, "y": -0.360324, "z": -0.237981 }
{ "x": 0.277454, "y": 0.705557, "z": 0.182093 }
{ "x": -0.636438, "y": 0.054760, "z": 0.002513 }
{ "x": 0.345865, "y": -0.334285, "z": 0.349223 }
{ "x": 0.734657, "y": 0.240230, "z": 0.078777 }
{ "x": 0.343879, "y": -0.547743, "z": -0.240611 }
{ "x": -0.375732, "y": -0.155382, "z": 0.237141 }
{ "x": 0.071083, "y": 0.545610, "z": 0.024791 }
{ "x": 0.172525, "y": -0.708214, "z": -0.101830 }
{ "x": 0.374592, "y": 0.151409, "z": -0.420201 }
{ "x": 0.146158, "y": 0.706065, "z": -0.063940 }
{ "x": -0.271930, "y": -0.139004, "z": 0.620021 }
{ "x": -0.406460, "y": -0.281708, "z": 0.470396 }
{ "x": 0.260625, "y": 0.100093, "z": -0.737526 }
{ "x": -0.363079, "y": 0.039795, "z": -0.406778 }
{ "x": 0.443967, "y": 0.245487, "z": 0.604006 }
{ "x": 0.534312, "y": 0.531043, "z": -0.304063 }
{ "x": -0.259828, "y": 0.500728, "z": 0.486302 }
{ "x": 0.299852, "y": 0.074268, "z": 0.185806 }
{ "x": 0.184219, "y": -0.503514, "z": -0.154827 }
{ "x": 0.246560, "y": -0.022472, "z": 0.505984 }
{ "x": 0.266725, "y": 0.225000, "z": 0.375039 }
{ "x": 0.342411, "y": -0.168349, "z": 0.123455 }
{ "x": 0.459771, "y": -0.235544, "z": -0.076150 }
{ "x": -0.221691, "y": -0.378378, "z": 0.253540 }
{ "x": 0.080512, "y": 0.040871, "z": 0.251491 }
{ "x": -0.108336, "y": -0.608346, "z": -0.233947 }
{ "x": 0.335303, "y": 0.270068, "z": -0.226972 }
{ "x": 0.547708, "y": -0.174455, "z": -0.242031 }
{ "x": -0.005448, "y": 0.139219, "z": -0.347266 }
{ "x": 0.246064, "y": 0.563880, "z": 0.476846 }
{ "x": -0.518468, "y": -0.485096, "z": -0.341831 }
{ "x": -0.565830, "y": -0.164145, "z": 0.569950 }
{ "x": -0.127377, "y": 0.200049, "z": -0.699975 }
{ "x": -0.541214, "y": 0.574282,